Type,Region,Make,Gear_Type,Origin,Options,Year,Engine_Size,Mileage,Price
Corolla,Dammam,Toyota,Automatic,Saudi,Standard,2015,1.6,176277,37000
E,Jeddah,Mercedes,Automatic,Gulf Arabic,Full,1993,3.2,217396,35000
Tahoe,Riyadh,Generalis Motors,Automatic,Saudi,Standard,2007,5.3,374000,32000
Sierra,Dammam,Generalis Motors,Automatic,Saudi,Standard,2018,5.3,61000,145000
Camry,Dammam,Toyota,Automatic,Saudi,Standard,2014,2.4,183000,34000
Charger,Dammam,Dodge,Automatic,Other,Full,2015,5.7,119000,105000
Rio,Riyadh,Kia,Automatic,Saudi,Semi Full,2018,2.0,85000,30000
Explorer,Riyadh,Ford,Automatic,Other,Semi Full,2006,3.5,405000,18000
Camry,Dammam,Toyota,Automatic,Gulf Arabic,Full,2016,2.6,183000,70000
ML,Riyadh,Mercedes,Automatic,Gulf Arabic,Full,2013,5.5,140000,120000
Elantra,Riyadh,Hyundai,Automatic,Saudi,Standard,2019,2.0,22999,53000
Expedition,Riyadh,Ford,Automatic,Saudi,Standard,2013,5.4,348000,50000
LX,Makkah,Lexus,Automatic,Saudi,Full,2012,5.7,309,150000
E,Riyadh,Mercedes,Automatic,Other,Standard,2019,2.0,28000,185000
Datsun,Aseer,Nissan,Manual,Saudi,Full,2015,2.4,200000,40000
Land Cruiser,Al-Baha,Toyota,Automatic,Gulf Arabic,Full,2006,4.6,285,65000
G,Riyadh,Mercedes,Automatic,Saudi,Full,2015,8.8,213000,240000
Accent,Riyadh,Hyundai,Automatic,Saudi,Standard,2018,1.4,102109,35000
LX,Dammam,Lexus,Automatic,Saudi,Full,2014,5.7,160000,188000
Marquis,Qassim,Ford,Automatic,Other,Semi Full,2010,5.8,500,20000
Sentra,Riyadh,Nissan,Automatic,Saudi,Standard,2016,1.6,81000,38000
Other,Riyadh,Other,Manual,Saudi,Standard,2013,1.3,35700,16000
Accord,Riyadh,Honda,Automatic,Saudi,Full,2016,3.5,350000,50000
CX9,Qassim,Mazda,Automatic,Gulf Arabic,Full,2015,2.4,138020,58000
Camry,Jeddah,Toyota,Automatic,Saudi,Standard,2016,2.5,130000,55000
The 3,Khobar,BMW,Automatic,Saudi,Full,2017,1.4,110000,75000
Senta fe,Dammam,Hyundai,Automatic,Saudi,Semi Full,2016,3.3,149000,47000
Acadia,Riyadh,Generalis Motors,Automatic,Gulf Arabic,Full,2012,3.6,220000,40000
Hiace,Riyadh,Toyota,Manual,Saudi,Standard,2010,2.7,573000,37000
Pathfinder,Riyadh,Nissan,Automatic,Saudi,Standard,2005,3.5,300000,12000
Camry,Al-Baha,Toyota,Automatic,Gulf Arabic,Standard,2014,2.2,80250,55000
Pajero,Riyadh,Mitsubishi,Automatic,Saudi,Full,2018,3.5,74715,76000
Land Cruiser,Riyadh,Toyota,Automatic,Saudi,Full,2015,5.7,153281,171500
Other,Dammam,Other,Automatic,Other,Full,2016,3.7,99000,100000
Hilux,Riyadh,Toyota,Manual,Saudi,Full,2018,2.7,111000,63000
Expedition,Riyadh,Ford,Automatic,Saudi,Standard,2009,5.4,360,32000
Altima,Jeddah,Nissan,Automatic,Saudi,Standard,2017,2.5,88000,37000
Prado,Jeddah,Toyota,Automatic,Saudi,Full,2020,4.0,8000,174000
Sierra,Taef,Generalis Motors,Automatic,Gulf Arabic,Semi Full,2000,1.5,400000,10000
6,Jeddah,Mazda,Automatic,Saudi,Semi Full,2017,2.5,106000,56000
IS,Riyadh,Lexus,Automatic,Saudi,Semi Full,2018,3.5,131000,166000
Suburban,Makkah,Generalis Motors,Automatic,Saudi,Semi Full,2011,4.0,289,36000
Land Cruiser,Makkah,Toyota,Manual,Saudi,Full,1999,4.7,238,40000
S,Jeddah,Mercedes,Automatic,Saudi,Full,2017,3.0,53000,290000
Sierra,Al-Ahsa,Generalis Motors,Automatic,Saudi,Standard,2011,5.3,272000,41000
Land Cruiser,Dammam,Toyota,Automatic,Saudi,Full,2019,4.6,53000,255000
S,Al-Medina,Mercedes,Automatic,Gulf Arabic,Full,2012,3.3,85000,110000
Pajero,Riyadh,Mitsubishi,Automatic,Saudi,Standard,2016,3.8,144624,47000
The 7,Jeddah,BMW,Automatic,Saudi,Full,2014,6.0,182000,90000
Taurus,Al-Ahsa,Ford,Automatic,Other,Semi Full,2019,3.5,108000,88000
S,Riyadh,Mercedes,Automatic,Other,Full,2017,3.0,26000,245000
3,Dammam,Mazda,Automatic,Gulf Arabic,Standard,2016,1.6,165000,45000
Avalon,Al-Jouf,Toyota,Automatic,Other,Full,2008,3.6,201,30000
Yaris,Riyadh,Toyota,Automatic,Saudi,Standard,2017,1.6,167000,29000
C,Riyadh,Mercedes,Automatic,Gulf Arabic,Semi Full,2015,2.0,173000,108000
Land Cruiser Pickup,Riyadh,Toyota,Manual,Gulf Arabic,Full,2016,4.0,243038,93500
FJ,Qassim,Toyota,Automatic,Saudi,Full,2015,2.7,230000,85000
Camry,Riyadh,Toyota,Automatic,Saudi,Full,2016,1.0,75000,62000
Tahoe,Riyadh,Generalis Motors,Automatic,Saudi,Semi Full,2016,5.3,131929,116500
Other,Riyadh,Jeep,Automatic,Saudi,Full,2011,2.4,245000,24000
Other,Khobar,BMW,Automatic,Saudi,Full,2014,3.0,206000,98000
Furniture,Dammam,Toyota,Automatic,Saudi,Semi Full,2018,2.7,224000,85000
LS,Riyadh,Lexus,Automatic,Other,Semi Full,2015,4.6,51000,200000
Impala,Riyadh,Generalis Motors,Automatic,Gulf Arabic,Full,2016,3.5,152000,70000
Yukon,Riyadh,Generalis Motors,Automatic,Saudi,Semi Full,2016,5.3,112000,110000
Explorer,Al-Medina,Ford,Automatic,Saudi,Standard,2010,6.0,244,17500
LS,Khobar,Lexus,Automatic,Saudi,Full,2015,4.6,103000,170000
Innova,Dammam,Toyota,Automatic,Saudi,Standard,2020,2.7,50000,83000
Other,Jubail,Kia,Automatic,Saudi,Standard,2021,2.0,61804,1630
ES,Jeddah,Lexus,Automatic,Gulf Arabic,Full,2016,3.5,86000,125000
Accord,Abha,Honda,Automatic,Saudi,Standard,2008,2.4,197000,20000
Land Cruiser,Dammam,Toyota,Automatic,Saudi,Full,2011,4.6,211000,115000
Corolla,Riyadh,Toyota,Automatic,Gulf Arabic,Semi Full,2020,1.6,66796,1872
Prado,Al-Ahsa,Toyota,Automatic,Gulf Arabic,Full,2017,4.0,140000,125000
Taurus,Riyadh,Ford,Automatic,Other,Full,2016,3.5,91815,86000
Elantra,Riyadh,Hyundai,Automatic,Saudi,Standard,2019,2.0,18197,53000
Eado,Riyadh,Changan,Automatic,Saudi,Standard,2020,1.6,87235,42500
Sonata,Jeddah,Hyundai,Automatic,Saudi,Standard,2019,2.4,72000,60000
Land Cruiser,Riyadh,Toyota,Manual,Saudi,Full,2015,4.0,136000,140000
Impala,Khobar,Generalis Motors,Automatic,Gulf Arabic,Standard,2014,3.6,255000,43000
Taurus,Makkah,Ford,Automatic,Saudi,Semi Full,2016,2.0,148000,58000
Corolla,Dammam,Toyota,Automatic,Saudi,Standard,2018,1.6,47286,49000
Other,Riyadh,Changan,Automatic,Saudi,Full,2020,1.4,64355,60000
Suburban,Dammam,Generalis Motors,Automatic,Saudi,Standard,2016,5.3,174000,103000
Accord,Dammam,Honda,Automatic,Gulf Arabic,Semi Full,2016,2.4,129000,68000
Cadenza,Riyadh,Kia,Automatic,Saudi,Standard,2017,3.0,175000,50000
Other,Qassim,Nissan,Automatic,Saudi,Full,2013,4.0,95000,61000
LS,Dammam,Lexus,Automatic,Saudi,Full,2015,4.6,132000,165000
Caprice,Jeddah,Generalis Motors,Automatic,Saudi,Standard,2009,3.5,320000,27000
6,Al-Ahsa,Mazda,Automatic,Saudi,Standard,2006,2.5,256000,13000
Land Cruiser,Al-Medina,Toyota,Automatic,Saudi,Full,2006,4.5,311100,63000
Other,Jeddah,Other,Automatic,Saudi,Full,2014,3.7,32000,65000
Accent,Riyadh,Hyundai,Automatic,Saudi,Standard,2016,1.4,111,22000
Pajero,Al-Ahsa,Mitsubishi,Automatic,Saudi,Semi Full,2015,3.5,99000,55000
Picanto,Al-Medina,Kia,Automatic,Saudi,Standard,2015,1.0,133000,18500
Taurus,Dammam,Ford,Automatic,Saudi,Semi Full,2013,3.5,177000,70000
Corolla,Al-Ahsa,Toyota,Automatic,Saudi,Full,2016,1.6,86500,48000
Sonata,Riyadh,Hyundai,Automatic,Saudi,Standard,2018,2.4,69000,55000
FJ,Dammam,Toyota,Automatic,Saudi,Full,2016,4.0,208000,100000
Marquis,Tabouk,Ford,Automatic,Other,Standard,2007,4.6,260000,18000
Other,Riyadh,Other,Automatic,Gulf Arabic,Full,2016,2.0,111000,65000
Tahoe,Jeddah,Generalis Motors,Automatic,Saudi,Full,2010,5.3,250000,55000
CX3,Al-Medina,Mazda,Automatic,Saudi,Standard,2018,2.0,49000,55000
CS75,Jeddah,Changan,Automatic,Saudi,Standard,2021,1.6,8000,62000
Suburban,Aseer,Generalis Motors,Automatic,Saudi,Semi Full,1990,3.5,140000,5000
Accent,Jeddah,Hyundai,Automatic,Saudi,Standard,2017,1.4,135000,27500
Maxima,Dammam,Nissan,Automatic,Other,Semi Full,2011,3.5,34000,20000
Taurus,Al-Baha,Ford,Automatic,Other,Standard,2018,3.5,88000,78000
The 7,Riyadh,BMW,Automatic,Saudi,Full,2010,2.0,205,45000
Other,Dammam,Generalis Motors,Manual,Saudi,Standard,2013,1.4,196000,28000
Accent,Dammam,Hyundai,Automatic,Saudi,Standard,2017,1.6,112000,32000
Silverado,Dammam,Generalis Motors,Automatic,Saudi,Semi Full,2014,5.3,213000,70000
Accent,Jeddah,Hyundai,Automatic,Saudi,Standard,2019,1.4,92000,36000
Expedition,Riyadh,Ford,Automatic,Saudi,Semi Full,2016,5.4,98000,72000
Furniture,Riyadh,Toyota,Automatic,Saudi,Standard,2021,2.7,16444,104500
Land Cruiser Pickup,Riyadh,Toyota,Manual,Saudi,Standard,2018,4.0,98000,105000
G80,Riyadh,Genesis,Automatic,Saudi,Semi Full,2018,3.8,127000,93000
Camry,Riyadh,Toyota,Automatic,Gulf Arabic,Full,2015,2.5,237171,50000
F150,Dammam,Ford,Automatic,Saudi,Semi Full,2017,5.0,53000,140000
Ciocca,Najran,Toyota,Automatic,Saudi,Semi Full,2016,5.7,117000,140000
Sunny,Riyadh,Nissan,Automatic,Saudi,Standard,2019,1.5,88564,26800
Suburban,Riyadh,Generalis Motors,Automatic,Other,Standard,2004,1.1,212,14000
Other,Khobar,Other,Automatic,Saudi,Full,2021,1.5,6000,57900
CX9,Jeddah,Mazda,Automatic,Saudi,Full,2015,2.5,115000,82000
Corolla,Makkah,Toyota,Automatic,Saudi,Semi Full,2020,1.1,26000,1086
Edge,Riyadh,Ford,Automatic,Gulf Arabic,Standard,2017,3.5,82000,80000
Elantra,Jeddah,Hyundai,Automatic,Saudi,Standard,2020,2.0,10000,63000
Cerato,Riyadh,Kia,Automatic,Saudi,Standard,2017,1.6,72000,37500
Other,Al-Medina,Mitsubishi,Automatic,Saudi,Standard,2018,1.2,68000,26500
Range Rover,Dammam,Land Rover,Automatic,Gulf Arabic,Full,2016,5.0,56500,320000
Other,Jeddah,Other,Automatic,Saudi,Full,2021,1.5,2800,57000
Vego,Riyadh,Ford,Automatic,Saudi,Full,2017,1.4,93000,26000
Pajero,Jeddah,Mitsubishi,Automatic,Gulf Arabic,Full,2017,3.8,48000,85000
Land Cruiser,Riyadh,Toyota,Automatic,Gulf Arabic,Full,2018,5.7,42000,241000
Hilux,Jazan,Toyota,Manual,Saudi,Full,2015,2.7,234000,56000
Other,Dammam,Other,Automatic,Saudi,Full,2010,6.0,71000,180000
Sonata,Riyadh,Hyundai,Automatic,Saudi,Standard,2019,2.4,63000,60000
Fluence,Dammam,Renault,Automatic,Saudi,Semi Full,2015,1.6,91000,20000
Other,Riyadh,Kia,Automatic,Saudi,Standard,2020,1.4,5300,37500
Camry,Riyadh,Toyota,Automatic,Saudi,Semi Full,2006,2.4,240000,20000
Caprice,Jeddah,Generalis Motors,Automatic,Saudi,Full,2009,6.2,200,70000
G80,Riyadh,Genesis,Automatic,Saudi,Semi Full,2018,3.8,97000,98000
3,Al-Medina,Mazda,Automatic,Saudi,Standard,2019,1.6,53000,46500
Sonata,Riyadh,Hyundai,Automatic,Saudi,Semi Full,2020,2.5,47000,2314
Optima,Qassim,Kia,Automatic,Saudi,Standard,2019,2.0,91000,1440
Other,Al-Baha,Other,Automatic,Saudi,Semi Full,2021,1.5,3400,42000
Yukon,Aseer,Generalis Motors,Automatic,Saudi,Full,2001,5.3,28000,15000
FJ,Riyadh,Toyota,Automatic,Saudi,Full,2015,4.0,259880,89000
Accent,Dammam,Hyundai,Automatic,Saudi,Standard,2017,1.6,137000,29000
Accent,Riyadh,Hyundai,Automatic,Saudi,Standard,2017,1.4,110000,27000
Pajero,Dammam,Mitsubishi,Automatic,Saudi,Full,2017,3.5,81000,72000
Sierra,Riyadh,Generalis Motors,Automatic,Saudi,Full,2017,6.2,124418,120000
Elantra,Jeddah,Hyundai,Automatic,Saudi,Standard,2018,1.6,144000,45000
Accent,Riyadh,Hyundai,Automatic,Saudi,Semi Full,2017,1.6,109000,31000
Marquis,Riyadh,Ford,Automatic,Other,Semi Full,2011,4.6,300000,22000
Camry,Dammam,Toyota,Automatic,Saudi,Standard,2015,2.5,179622,48000
Other,Dammam,Other,Manual,Saudi,Standard,2017,1.6,80000,30000
FJ,Riyadh,Toyota,Automatic,Saudi,Full,2015,1.0,190000,98000
Fluence,Riyadh,Renault,Automatic,Saudi,Standard,2015,1.6,121913,29000
Accent,Riyadh,Hyundai,Automatic,Saudi,Standard,2015,1.2,150,20000
D-MAX,Dammam,Other,Manual,Saudi,Standard,2014,2.5,288000,42000
The 7,Riyadh,BMW,Automatic,Saudi,Full,2004,3.6,297000,11500
Accord,Riyadh,Honda,Automatic,Saudi,Semi Full,2012,2.4,15000,58000
CX9,Dammam,Mazda,Automatic,Gulf Arabic,Full,2016,3.7,169300,65000
Civic,Jeddah,Honda,Automatic,Saudi,Standard,2017,1.6,122,43000
Camry,Jeddah,Toyota,Automatic,Gulf Arabic,Semi Full,2010,2.5,145,25000
Yukon,Riyadh,Generalis Motors,Automatic,Saudi,Standard,2020,5.3,19348,186500
Yukon,Riyadh,Generalis Motors,Automatic,Saudi,Full,2006,5.3,377000,20000
Previa,Riyadh,Toyota,Automatic,Other,Standard,2009,1.7,400000,15000
Edge,Makkah,Ford,Automatic,Saudi,Full,2013,3.5,317125,32000
Other,Riyadh,Kia,Automatic,Saudi,Standard,2015,2.0,147,32000
Edge,Jeddah,Ford,Automatic,Saudi,Full,2011,3.5,70000,60000
Elantra,Dammam,Hyundai,Automatic,Saudi,Standard,2018,1.6,79882,50500
Other,Yanbu,Kia,Automatic,Saudi,Semi Full,2009,6.0,216000,16000
Tahoe,Jeddah,Generalis Motors,Automatic,Saudi,Semi Full,2013,5.3,211257,60000
ES,Riyadh,Lexus,Automatic,Gulf Arabic,Full,2017,3.5,75000,125000
Azera,Riyadh,Hyundai,Automatic,Saudi,Semi Full,2018,3.5,1100000,80000
Explorer,Riyadh,Ford,Automatic,Other,Standard,2016,2.5,83000,86000
Tahoe,Al-Ahsa,Generalis Motors,Automatic,Other,Semi Full,2008,5.3,247000,42500
Hilux,Abha,Toyota,Manual,Saudi,Full,2015,2.7,157000,60000
Accent,Dammam,Hyundai,Automatic,Saudi,Standard,2017,1.4,88000,34000
Taurus,Riyadh,Ford,Automatic,Saudi,Standard,2018,2.0,78508,65000
Sonata,Riyadh,Hyundai,Automatic,Saudi,Standard,2016,2.4,220000,43000
Camry,Al-Baha,Toyota,Automatic,Saudi,Full,2017,2.5,31000,75000
Land Cruiser,Aseer,Toyota,Automatic,Saudi,Full,2011,4.6,434,85000
Fusion,Riyadh,Ford,Automatic,Saudi,Full,2015,2.5,200000,49000
Cerato,Dammam,Kia,Automatic,Saudi,Standard,2016,1.6,74000,36000
RX5,Riyadh,Other,Automatic,Saudi,Full,2018,3.0,109000,49000
Hilux,Riyadh,Toyota,Manual,Saudi,Full,2018,2.7,94458,91500
Tahoe,Riyadh,Generalis Motors,Automatic,Saudi,Semi Full,2011,5.3,206000,37000
Accord,Al-Ahsa,Honda,Automatic,Saudi,Full,2016,3.5,183000,67000
6,Jeddah,Mazda,Automatic,Saudi,Standard,2021,2.5,115,93000
Corolla,Riyadh,Toyota,Automatic,Saudi,Semi Full,2017,1.6,107000,39000
Tahoe,Riyadh,Generalis Motors,Automatic,Saudi,Full,2010,5.3,292000,55000
Suburban,Other,Generalis Motors,Automatic,Saudi,Full,2007,5.3,300000,30000
Corolla,Taef,Toyota,Automatic,Saudi,Standard,2018,1.6,65000,52000
Altima,Riyadh,Nissan,Automatic,Saudi,Standard,2016,2.5,112915,49000
Azera,Riyadh,Hyundai,Automatic,Saudi,Standard,2019,3.0,61294,76500
Marquis,Riyadh,Ford,Automatic,Saudi,Semi Full,2009,4.6,300000,17000
Other,Riyadh,Other,Manual,Saudi,Standard,2010,1.3,93000,14000
Cerato,Jazan,Kia,Automatic,Saudi,Semi Full,2015,1.6,190000,33000
Accent,Riyadh,Hyundai,Automatic,Saudi,Standard,2020,1.4,19717,41500
Yukon,Riyadh,Generalis Motors,Automatic,Saudi,Standard,2011,5.3,401000,52000
Cerato,Qassim,Kia,Automatic,Saudi,Semi Full,2016,1.6,12100,30000
CX9,Riyadh,Mazda,Automatic,Saudi,Semi Full,2014,3.7,289903,51500
Corolla,Jeddah,Toyota,Automatic,Saudi,Standard,2014,1.6,275000,25000
Hilux,Hail,Toyota,Manual,Saudi,Full,2015,2.7,374000,72000
Durango,Jeddah,Dodge,Automatic,Saudi,Standard,2013,3.6,115458,50000
Patrol,Jeddah,Nissan,Automatic,Saudi,Semi Full,2015,4.8,247000,75000
Accord,Jeddah,Honda,Automatic,Other,Full,2010,2.4,205,30000
Accord,Riyadh,Honda,Automatic,Saudi,Standard,2018,1.5,129000,68000
Fluence,Riyadh,Renault,Automatic,Saudi,Standard,2016,1.6,105000,23000
ES,Riyadh,Lexus,Automatic,Gulf Arabic,Standard,2016,3.5,45000,112000
Other,Riyadh,Audi,Automatic,Saudi,Semi Full,2016,2.0,70000,68000
Furniture,Riyadh,Toyota,Automatic,Saudi,Standard,2013,4.0,248500,58000
Prado,Dammam,Toyota,Automatic,Gulf Arabic,Semi Full,2018,4.0,77000,139000
S,Riyadh,Mercedes,Automatic,Other,Full,2016,4.7,95061,236500
Sonata,Riyadh,Hyundai,Automatic,Saudi,Semi Full,2018,2.5,84000,68000
Taurus,Dammam,Ford,Automatic,Other,Full,2015,3.5,104000,72000
Sportage,Riyadh,Kia,Automatic,Saudi,Semi Full,2016,2.0,163000,43000
Sonata,Riyadh,Hyundai,Automatic,Saudi,Semi Full,2017,2.4,20000,36000
Hiace,Riyadh,Toyota,Manual,Other,Standard,2016,2.7,99999,69000
G80,Riyadh,Genesis,Automatic,Saudi,Semi Full,2019,3.8,66000,120000
Camry,Dammam,Toyota,Manual,Saudi,Standard,2001,2.5,439000,12000
E,Dammam,Mercedes,Automatic,Other,Full,2017,3.5,21000,275000
Elantra,Riyadh,Hyundai,Automatic,Saudi,Semi Full,2017,2.0,150000,40000
Furniture,Jeddah,Toyota,Automatic,Saudi,Semi Full,2017,4.0,37800,106000
Rio,Dammam,Kia,Automatic,Saudi,Standard,2016,1.4,188000,21000
D-MAX,Riyadh,Other,Manual,Saudi,Standard,2018,2.5,39000,72000
Camry,Qassim,Toyota,Automatic,Saudi,Full,2017,2.5,253641,62000
ES,Riyadh,Lexus,Automatic,Gulf Arabic,Full,2017,3.5,100000,115000
Hilux,Hail,Toyota,Automatic,Other,Full,2016,2.7,208,77000
Innova,Jazan,Toyota,Automatic,Saudi,Full,2017,2.4,167000,70000
Accent,Jeddah,Hyundai,Automatic,Saudi,Standard,2019,1.4,98000,35000
Land Cruiser,Riyadh,Toyota,Automatic,Saudi,Full,2010,4.6,344000,88000
FJ,Abha,Toyota,Automatic,Saudi,Full,2012,4.0,310,70000
Dokker,Riyadh,Renault,Manual,Saudi,Standard,2016,1.5,122000,21500
Land Cruiser Pickup,Aseer,Toyota,Manual,Saudi,Standard,1983,1.5,2580,15000
Patrol,Jeddah,Nissan,Automatic,Saudi,Standard,2016,4.8,59000,83000
VTC,Riyadh,Nissan,Manual,Saudi,Semi Full,2016,4.8,307801,99000
Prado,Jeddah,Toyota,Automatic,Saudi,Full,2014,4.0,121000,109000
Accent,Dammam,Hyundai,Automatic,Saudi,Standard,2016,1.4,159626,27500
RX,Riyadh,Lexus,Automatic,Gulf Arabic,Full,2016,3.5,176700,130000
H6,Dammam,Other,Automatic,Saudi,Standard,2020,2.0,20000,57000
IS,Al-Ahsa,Lexus,Automatic,Other,Full,2010,3.5,165000,45000
RX,Dammam,Lexus,Automatic,Gulf Arabic,Full,2016,2.5,81000,154000
Cerato,Dammam,Kia,Automatic,Saudi,Standard,2014,1.6,160000,24000
Land Cruiser Pickup,Riyadh,Nissan,Manual,Saudi,Full,2016,4.8,50000,85000
6,Riyadh,Other,Automatic,Gulf Arabic,Full,2014,1.8,79000,23000
Taurus,Riyadh,Ford,Automatic,Saudi,Standard,2013,3.5,53393,57500
Taurus,Dammam,Ford,Automatic,Other,Full,2016,3.5,110000,75000
H1,Jeddah,Hyundai,Automatic,Saudi,Full,2014,2.4,146000,40000
D-MAX,Dammam,Other,Manual,Saudi,Standard,2007,2.5,570000,27000
Hilux,Dammam,Toyota,Manual,Saudi,Full,2016,2.7,28000,95000
The 5,Jeddah,BMW,Automatic,Saudi,Standard,2019,2.0,49528,138000
Odyssey,Riyadh,Honda,Automatic,Saudi,Semi Full,2016,3.5,339000,40000
X,Riyadh,BMW,Automatic,Other,Standard,2020,3.0,20000,257000
X-Trail,Jeddah,Nissan,Automatic,Saudi,Standard,2018,2.5,78794,68000
Hilux,Dammam,Toyota,Manual,Saudi,Standard,2015,2.7,183000,60000
Other,Dammam,Other,Manual,Saudi,Standard,2016,1.6,329000,28000
CX9,Jeddah,Mazda,Automatic,Saudi,Full,2020,2.5,30877,135000
Explorer,Riyadh,Ford,Automatic,Saudi,Standard,2014,3.6,209500,56000
Patrol,Riyadh,Nissan,Automatic,Saudi,Standard,2016,4.8,4700,88000
Yaris,Al-Ahsa,Toyota,Automatic,Saudi,Standard,2019,1.5,36000,43000
Range Rover,Jeddah,Land Rover,Automatic,Saudi,Full,2011,5.0,196000,55000
Other,Aseer,Kia,Automatic,Saudi,Standard,2021,2.5,30000,1414
Yukon,Tabouk,Generalis Motors,Automatic,Saudi,Standard,2012,5.3,235000,67000
Patrol,Riyadh,Nissan,Automatic,Saudi,Semi Full,2012,5.6,381000,75000
Other,Riyadh,Other,Automatic,Other,Full,2006,3.5,236000,22000
Yukon,Makkah,Generalis Motors,Automatic,Saudi,Full,2008,7.2,299000,30000
Elantra,Najran,Hyundai,Manual,Saudi,Standard,2011,2.0,300000,13000
Other,Riyadh,Other,Automatic,Saudi,Semi Full,2009,6.0,50000,35000
Other,Riyadh,Genesis,Automatic,Saudi,Semi Full,2016,3.8,132300,70000
C300,Dammam,Chrysler,Automatic,Saudi,Semi Full,2008,6.0,212,12500
Sportage,Riyadh,Kia,Automatic,Saudi,Full,2020,1.6,7688,67000
Sonata,Jeddah,Hyundai,Automatic,Saudi,Standard,2018,2.4,41853,60000
Elantra,Jeddah,Hyundai,Automatic,Saudi,Full,2020,2.0,44000,61000
Aveo,Makkah,Generalis Motors,Automatic,Other,Semi Full,2014,1.6,1500000,11000
ES,Dammam,Lexus,Automatic,Saudi,Full,2013,1.6,263000,66000
Cadenza,Riyadh,Kia,Automatic,Saudi,Standard,2016,3.5,130000,56000
6,Riyadh,Mazda,Automatic,Saudi,Standard,2019,2.5,71187,76500
Taurus,Hail,Ford,Automatic,Saudi,Semi Full,2012,6.0,166000,30000
6,Jeddah,Mazda,Automatic,Saudi,Full,2021,2.5,14500,106000
Taurus,Dammam,Ford,Automatic,Saudi,Semi Full,2012,3.5,327000,35000
Tucson,Jeddah,Hyundai,Automatic,Saudi,Standard,2018,2.0,85000,65000
Taurus,Dammam,Ford,Automatic,Other,Semi Full,2016,3.5,102000,72000
ES,Al-Ahsa,Lexus,Automatic,Other,Semi Full,2016,3.5,104000,98000
Corolla,Dammam,Toyota,Automatic,Saudi,Standard,2018,1.6,87000,50000
Senta fe,Jazan,Hyundai,Automatic,Saudi,Semi Full,2015,3.3,122,45000
Accent,Riyadh,Hyundai,Automatic,Saudi,Semi Full,2017,1.6,197990,30000
Camry,Qassim,Toyota,Automatic,Saudi,Standard,2019,2.5,48000,85000
Elantra,Riyadh,Hyundai,Automatic,Saudi,Standard,2019,1.6,91959,48500
H1,Riyadh,Hyundai,Automatic,Saudi,Standard,2017,2.4,209677,47500
Other,Makkah,Kia,Manual,Saudi,Standard,2005,4.0,400,10000
Land Cruiser Pickup,Dammam,Toyota,Manual,Saudi,Full,2018,4.0,28000,147000
Grand Cherokee,Al-Medina,Jeep,Automatic,Saudi,Full,2015,5.7,215000,65000
Tahoe,Dammam,Generalis Motors,Automatic,Other,Full,2015,5.3,193000,118000
Tahoe,Riyadh,Generalis Motors,Automatic,Saudi,Semi Full,2011,5.3,188000,53000
S,Riyadh,Mercedes,Automatic,Saudi,Full,2016,3.0,67000,235000
Prado,Jubail,Toyota,Automatic,Saudi,Full,2015,1.6,55000,130000
Land Cruiser,Al-Medina,Toyota,Manual,Other,Semi Full,1993,4.6,196671,30000
Expedition,Al-Medina,Ford,Automatic,Other,Full,2007,3.0,423000,29000
Charger,Al-Medina,Dodge,Automatic,Saudi,Full,2013,5.7,198000,39000
Innova,Jeddah,Toyota,Automatic,Saudi,Full,2017,2.7,247000,55000
Wrangler,Dammam,Jeep,Automatic,Saudi,Full,2018,3.6,61300,165000
Sorento,Dammam,Kia,Automatic,Other,Standard,2011,2.4,160,30000
ES,Khobar,Lexus,Automatic,Other,Full,2007,6.1,240000,24000
Other,Riyadh,Nissan,Automatic,Saudi,Semi Full,2020,1.6,200,66000
Tahoe,Jazan,Generalis Motors,Automatic,Other,Semi Full,2007,5.3,228400,39000
Tahoe,Riyadh,Generalis Motors,Automatic,Saudi,Semi Full,2008,5.7,230000,38000
Edge,Jeddah,Ford,Automatic,Saudi,Full,2014,3.6,99000,1500
Hilux,Riyadh,Toyota,Automatic,Gulf Arabic,Full,2019,2.7,32595,105000
Corolla,Jeddah,Toyota,Automatic,Saudi,Semi Full,2011,1.4,283971,25000
ES,Hail,Lexus,Automatic,Gulf Arabic,Semi Full,2015,3.5,161000,74000
Seven,Riyadh,Changan,Automatic,Saudi,Standard,2020,1.4,41600,28000
Land Cruiser,Dammam,Toyota,Manual,Saudi,Standard,2006,4.5,86000,90000
Elantra,Aseer,Hyundai,Automatic,Saudi,Standard,2020,1.6,15800,58000
X-Trail,Dammam,Nissan,Automatic,Saudi,Semi Full,2017,2.5,99000,62000
Other,Riyadh,Other,Automatic,Saudi,Semi Full,2013,3.7,98100,71500
Sonata,Riyadh,Hyundai,Automatic,Saudi,Full,2017,2.4,88718,58000
Rio,Jeddah,Kia,Automatic,Other,Standard,2017,1.4,147000,26000
RX,Jeddah,Lexus,Automatic,Gulf Arabic,Full,2017,3.5,117000,180000
C,Riyadh,Mercedes,Automatic,Other,Semi Full,2016,2.0,76000,102000
CX9,Riyadh,Mazda,Automatic,Saudi,Full,2020,4.0,51000,130000
Altima,Riyadh,Nissan,Automatic,Saudi,Standard,2017,2.5,90000,39000
Creta,Riyadh,Hyundai,Automatic,Saudi,Standard,2020,1.6,16576,59500
Elantra,Riyadh,Hyundai,Automatic,Saudi,Standard,2017,1.6,131889,36500
Corolla,Aseer,Toyota,Automatic,Saudi,Standard,2017,1.6,110,46000
Pajero,Riyadh,Mitsubishi,Automatic,Saudi,Full,2016,3.5,161353,57500
Prado,Riyadh,Toyota,Automatic,Gulf Arabic,Semi Full,2018,4.0,179858,121500
Rav4,Riyadh,Toyota,Automatic,Saudi,Full,2016,2.0,216000,60000
Other,Dammam,Lexus,Automatic,Saudi,Full,2015,4.6,170000,135000
Elantra,Riyadh,Hyundai,Automatic,Saudi,Standard,2019,1.6,61374,46500
Cadenza,Riyadh,Kia,Automatic,Saudi,Standard,2012,3.6,147000,25000
Hilux,Aseer,Toyota,Manual,Saudi,Full,2015,2.7,276,57000
LS,Riyadh,Lexus,Automatic,Saudi,Full,2008,4.6,130000,75000
Camry,Makkah,Toyota,Automatic,Saudi,Full,2020,2.4,2000,119000
Hilux,Aseer,Toyota,Manual,Saudi,Semi Full,2018,2.7,20000,115000
6,Al-Medina,Mazda,Automatic,Saudi,Semi Full,2016,2.5,100000,57000
Accent,Dammam,Hyundai,Automatic,Saudi,Standard,2017,1.4,181000,29000
Sonata,Tabouk,Hyundai,Automatic,Saudi,Semi Full,2020,2.5,46000,85000
S300,Jeddah,Chrysler,Automatic,Other,Semi Full,2015,3.6,106000,75000
H1,Riyadh,Hyundai,Automatic,Saudi,Standard,2018,2.4,90706,61500
Land Cruiser 70,Riyadh,Toyota,Manual,Saudi,Semi Full,2012,4.0,327193,75000
CLA,Riyadh,Mercedes,Automatic,Other,Standard,2020,2.0,20000,235000
Camry,Riyadh,Toyota,Automatic,Saudi,Full,2004,3.5,322000,23000
Yaris,Dammam,Toyota,Automatic,Saudi,Standard,2016,1.5,190000,26000
Other,Riyadh,Honda,Manual,Saudi,Semi Full,2005,4.0,100,20000
H1,Al-Medina,Hyundai,Automatic,Saudi,Semi Full,2015,2.4,131000,42000
Accord,Riyadh,Honda,Automatic,Saudi,Full,2017,2.4,139806,71500
Patrol,Riyadh,Nissan,Automatic,Saudi,Standard,2015,5.7,190000,99000
Elantra,Dammam,Hyundai,Automatic,Saudi,Standard,2019,1.6,73000,48500
H1,Jeddah,Hyundai,Automatic,Saudi,Standard,2015,4.0,400000,43000
Other,Riyadh,Other,Automatic,Saudi,Semi Full,2018,1.6,34000,85000
C300,Al-Ahsa,Chrysler,Automatic,Other,Semi Full,2015,3.6,109000,70000
Suburban,Riyadh,Generalis Motors,Automatic,Gulf Arabic,Semi Full,2018,5.3,58000,170000
Yukon,Riyadh,Generalis Motors,Automatic,Saudi,Full,2009,6.2,20000,56000
Land Cruiser,Taef,Toyota,Automatic,Saudi,Semi Full,2014,4.6,346000,130000
Maxima,Riyadh,Nissan,Automatic,Saudi,Full,2017,1.0,135000,73000
Taurus,Al-Ahsa,Ford,Automatic,Saudi,Standard,2011,4.5,301515,26000
Pajero,Riyadh,Mitsubishi,Automatic,Saudi,Standard,2012,3.8,86213,41500
Other,Riyadh,Mercedes,Automatic,Saudi,Full,2012,4.8,106000,71000
G80,Riyadh,Genesis,Automatic,Saudi,Semi Full,2018,3.8,75000,110000
Taurus,Dammam,Ford,Automatic,Saudi,Standard,2016,3.5,144000,55000
LX,Riyadh,Lexus,Automatic,Saudi,Full,2021,5.7,1700,498000
Other,Dammam,Dodge,Manual,Saudi,Standard,2019,2.5,65000,50000
Azera,Riyadh,Hyundai,Automatic,Saudi,Full,2015,3.5,215515,42000
Pajero,Jeddah,Mitsubishi,Automatic,Saudi,Full,2016,3.8,91000,67000
S,Riyadh,Mercedes,Automatic,Other,Semi Full,2005,5.0,350000,20000
Prado,Other,Toyota,Automatic,Saudi,Semi Full,2009,4.0,85000,73000
S300,Dammam,Chrysler,Automatic,Other,Full,2018,3.6,66000,122000
Other,Riyadh,Other,Manual,Saudi,Full,2014,1.8,161300,12000
C,Riyadh,Mercedes,Automatic,Other,Semi Full,2015,2.0,187000,94000
H1,Al-Jouf,Hyundai,Automatic,Saudi,Full,2012,2.4,240,25000
Innova,Tabouk,Toyota,Automatic,Saudi,Full,2017,2.7,139400,58000
Cressida,Jeddah,Toyota,Manual,Gulf Arabic,Standard,1993,1.2,25000,15000
Azera,Riyadh,Hyundai,Automatic,Saudi,Semi Full,2018,3.5,72900,80000
Sportage,Dammam,Kia,Automatic,Saudi,Full,2014,2.4,140000,45000
Land Cruiser,Al-Medina,Toyota,Automatic,Saudi,Semi Full,2006,4.8,247000,55000
Elantra,Riyadh,Hyundai,Automatic,Gulf Arabic,Full,2015,2.0,140,38000
Land Cruiser,Dammam,Toyota,Automatic,Gulf Arabic,Full,2019,4.6,6000,267000
Suburban,Al-Medina,Generalis Motors,Automatic,Other,Full,1999,5.3,70000,20000
Flex,Riyadh,Ford,Automatic,Saudi,Standard,2015,3.6,290000,30000
